{
    "root_group": {
        "id": "d41d8cd98f00b204e9800998ecf8427e",
        "groups": {},
        "checks": {
                "read status is 200": {
                    "id": "30e618622b67ff6ebde6cb3c197f8eef",
                    "passes": 945,
                    "fails": 0,
                    "name": "read status is 200",
                    "path": "::read status is 200"
                },
                "cpu status is 200": {
                    "path": "::cpu status is 200",
                    "id": "979266bff0c85e13b5e5bf5ee72b5780",
                    "passes": 945,
                    "fails": 0,
                    "name": "cpu status is 200"
                },
                "hello status is 200": {
                    "name": "hello status is 200",
                    "path": "::hello status is 200",
                    "id": "b0aa08521c092add22bfe6ca03e62d68",
                    "passes": 95,
                    "fails": 0
                }
            },
        "name": "",
        "path": ""
    },
    "metrics": {
        "data_received": {
            "count": 361055,
            "rate": 18038.188551435993
        },
        "http_req_tls_handshaking": {
            "max": 0,
            "p(90)": 0,
            "p(95)": 0,
            "avg": 0,
            "min": 0,
            "med": 0
        },
        "data_sent": {
            "count": 166830,
            "rate": 8334.771699702445
        },
        "http_req_failed": {
            "passes": 0,
            "fails": 1985,
            "thresholds": {
                "rate<0.01": false
            },
            "value": 0
        },
        "http_reqs": {
            "count": 1985,
            "rate": 99.16994439794614
        },
        "http_req_duration{expected_response:true}": {
            "avg": 2.0234784211586896,
            "min": 0.184125,
            "med": 1.691583,
            "max": 13.35375,
            "p(90)": 3.7414754000000006,
            "p(95)": 4.511725399999999
        },
        "http_req_blocked": {
            "avg": 0.009801354659949623,
            "min": 0.000416,
            "med": 0.003416,
            "max": 1.393625,
            "p(90)": 0.010792,
            "p(95)": 0.013958799999999999
        },
        "http_req_receiving": {
            "avg": 0.1631858493702775,
            "min": 0.0045,
            "med": 0.068416,
            "max": 3.58425,
            "p(90)": 0.3774496,
            "p(95)": 0.5423585999999997
        },
        "checks": {
            "passes": 1985,
            "fails": 0,
            "value": 1
        },
        "http_req_connecting": {
            "max": 0.729917,
            "p(90)": 0,
            "p(95)": 0,
            "avg": 0.002556781360201512,
            "min": 0,
            "med": 0
        },
        "vus": {
            "min": 5,
            "max": 5,
            "value": 5
        },
        "iterations": {
            "count": 945,
            "rate": 47.21188788718342
        },
        "http_req_sending": {
            "avg": 0.016472338539042796,
            "min": 0.001334,
            "med": 0.009291,
            "max": 2.440083,
            "p(90)": 0.02904180000000001,
            "p(95)": 0.03771679999999997
        },
        "iteration_duration": {
            "p(95)": 111.6754004,
            "avg": 105.87217527407427,
            "min": 100.996875,
            "med": 105.145833,
            "max": 122.069333,
            "p(90)": 109.878675
        },
        "http_req_waiting": {
            "max": 11.559917,
            "p(90)": 3.4537419999999996,
            "p(95)": 4.209491599999999,
            "avg": 1.8438202332493678,
            "min": 0.1665,
            "med": 1.537208
        },
        "http_req_duration": {
            "min": 0.184125,
            "med": 1.691583,
            "max": 13.35375,
            "p(90)": 3.7414754000000006,
            "p(95)": 4.511725399999999,
            "avg": 2.0234784211586896,
            "thresholds": {
                "p(95)<500": false
            }
        },
        "vus_max": {
            "value": 5,
            "min": 5,
            "max": 5
        }
    }
}