{
    "root_group": {
        "name": "",
        "path": "",
        "id": "d41d8cd98f00b204e9800998ecf8427e",
        "groups": {},
        "checks": {
                "read status is 200": {
                    "name": "read status is 200",
                    "path": "::read status is 200",
                    "id": "30e618622b67ff6ebde6cb3c197f8eef",
                    "passes": 44292,
                    "fails": 11
                },
                "cpu status is 200": {
                    "id": "979266bff0c85e13b5e5bf5ee72b5780",
                    "passes": 44299,
                    "fails": 4,
                    "name": "cpu status is 200",
                    "path": "::cpu status is 200"
                },
                "hello status is 200": {
                    "name": "hello status is 200",
                    "path": "::hello status is 200",
                    "id": "b0aa08521c092add22bfe6ca03e62d68",
                    "passes": 4438,
                    "fails": 0
                }
            }
    },
    "metrics": {
        "data_sent": {
            "rate": 49854.54719541918,
            "count": 8979468
        },
        "vus": {
            "min": 30,
            "max": 30,
            "value": 30
        },
        "http_req_tls_handshaking": {
            "avg": 0,
            "min": 0,
            "med": 0,
            "max": 0,
            "p(90)": 0,
            "p(95)": 0
        },
        "http_req_connecting": {
            "avg": 0.2698806703065217,
            "min": 0,
            "med": 0,
            "max": 7150.663336,
            "p(90)": 0,
            "p(95)": 0
        },
        "http_reqs": {
            "count": 93044,
            "rate": 516.5858923101661
        },
        "vus_max": {
            "value": 30,
            "min": 30,
            "max": 30
        },
        "http_req_waiting": {
            "avg": 4.306298840236896,
            "min": 0,
            "med": 4.1455,
            "max": 34.210083,
            "p(90)": 6.3972545,
            "p(95)": 7.290593799999999
        },
        "http_req_failed": {
            "passes": 15,
            "fails": 93029,
            "thresholds": {
                "rate<0.01": false
            },
            "value": 0.00016121404926701345
        },
        "http_req_blocked": {
            "p(95)": 0.011042,
            "avg": 0.2763413446326506,
            "min": 0,
            "med": 0.003416,
            "max": 7150.787086,
            "p(90)": 0.007375
        },
        "http_req_sending": {
            "avg": 0.015765969756244485,
            "min": 0,
            "med": 0.00825,
            "max": 4.256041,
            "p(90)": 0.020862700000000085,
            "p(95)": 0.032542
        },
        "iteration_duration": {
            "max": 30117.335598,
            "p(90)": 115.8918836,
            "p(95)": 117.45717140000001,
            "avg": 121.93422394235058,
            "min": 101.376458,
            "med": 111.204958
        },
        "checks": {
            "passes": 93029,
            "fails": 15,
            "value": 0.9998387859507329
        },
        "data_received": {
            "count": 16970198,
            "rate": 94219.56146027896
        },
        "http_req_duration": {
            "avg": 4.387232211459074,
            "min": 0,
            "med": 4.211292,
            "max": 34.229,
            "p(90)": 6.511108800000001,
            "p(95)": 7.4597356499999945,
            "thresholds": {
                "p(95)<500": false
            }
        },
        "http_req_duration{expected_response:true}": {
            "max": 34.229,
            "p(90)": 6.511325000000001,
            "p(95)": 7.460491799999996,
            "avg": 4.387939608971376,
            "min": 0.297125,
            "med": 4.211625
        },
        "http_req_receiving": {
            "p(95)": 0.10511869999999983,
            "avg": 0.06516740146597329,
            "min": 0,
            "med": 0.022833,
            "max": 16.6775,
            "p(90)": 0.061875
        },
        "iterations": {
            "count": 44303,
            "rate": 245.97292449827273
        }
    }
}